{
  "project_info": {
    "project_number": "569651923875",
    "project_id": "cryptoinfo-ffcab",
    "storage_bucket": "cryptoinfo-ffcab.appspot.com"
  },
  "client": [
    {
      "client_info": {
        "mobilesdk_app_id": "1:569651923875:android:03417702c3e91f3e1f6816",
        "android_client_info": {
          "package_name": "com.crypto.info"
        }
      },
      "oauth_client": [
        {
          "client_id": "569651923875-g8377oboloogspkn1ee3oaeqkgdqthni.apps.googleusercontent.com",
          "client_type": 1,
          "android_info": {
            "package_name": "com.crypto.info",
            "certificate_hash": "4495dd0cada8f66565105b5d3aa6c09d18bbf992"
          }
        },
        {
          "client_id": "569651923875-bv5m94upkilm1d2jq5m1u1k9abv8qbdt.apps.googleusercontent.com",
          "client_type": 3
        }
      ],
      "api_key": [
        {
          "current_key": "AIzaSyDTwh9TLGMPjr3S7KCedFa3i7a8nyYjWYY"
        }
      ],
      "services": {
        "appinvite_service": {
          "other_platform_oauth_client": [
            {
              "client_id": "569651923875-bv5m94upkilm1d2jq5m1u1k9abv8qbdt.apps.googleusercontent.com",
              "client_type": 3
            }
          ]
        }
      }
    }
  ],
  "configuration_version": "1"
}